{"cameraMode":{"drawMode":0,"name":"Shaded","section":"Shading Mode"},"sceneLighting":false,"audioPlay":false,"sceneViewState":{"showFog":true,"showMaterialUpdate":false,"showSkybox":true,"showFlares":true,"showImageEffects":true,"showParticleSystems":true},"in2DMode":false,"pivot":{"x":230.45928955078126,"y":-355.5206604003906,"z":174.34866333007813},"rotation":{"x":0.4610174894332886,"y":-0.027944887056946756,"z":0.014526953920722008,"w":0.8868319988250732},"size":975.1063232421875,"orthographic":false}