{"cameraMode":{"drawMode":0,"name":"Shaded","section":"Shading Mode"},"sceneLighting":false,"audioPlay":false,"sceneViewState":{"showFog":true,"showMaterialUpdate":false,"showSkybox":true,"showFlares":true,"showImageEffects":true,"showParticleSystems":true},"in2DMode":false,"pivot":{"x":1.3874754905700684,"y":-0.5356142520904541,"z":3.685847759246826},"rotation":{"x":0.11493396013975144,"y":0.1425314098596573,"z":-0.016665805131196977,"w":0.9829533696174622},"size":11.41037368774414,"orthographic":false}