{"cameraMode":{"drawMode":0,"name":"Shaded","section":"Shading Mode"},"sceneLighting":false,"audioPlay":false,"sceneViewState":{"showFog":true,"showMaterialUpdate":false,"showSkybox":true,"showFlares":true,"showImageEffects":true,"showParticleSystems":true},"in2DMode":false,"pivot":{"x":-97.5703125,"y":-118.0897216796875,"z":162.0321044921875},"rotation":{"x":0.33288154006004336,"y":-0.33948343992233279,"z":0.1298789530992508,"w":0.8700990676879883},"size":1447.5166015625,"orthographic":false}