{"cameraMode":{"drawMode":0,"name":"Shaded","section":"Shading Mode"},"sceneLighting":false,"audioPlay":false,"sceneViewState":{"showFog":true,"showMaterialUpdate":false,"showSkybox":true,"showFlares":true,"showImageEffects":true,"showParticleSystems":true},"in2DMode":false,"pivot":{"x":-11.050853729248047,"y":36.0,"z":14.109713554382325},"rotation":{"x":0.19228217005729676,"y":0.6291391849517822,"z":-0.16460451483726502,"w":0.7349264025688171},"size":126.57954406738281,"orthographic":true}