{"cameraMode":{"drawMode":0,"name":"Shaded","section":"Shading Mode"},"sceneLighting":true,"audioPlay":false,"sceneViewState":{"showFog":true,"showMaterialUpdate":false,"showSkybox":true,"showFlares":true,"showImageEffects":true,"showParticleSystems":true},"in2DMode":false,"pivot":{"x":764.1962890625,"y":-863.5872192382813,"z":-1842.3070068359375},"rotation":{"x":0.06588958203792572,"y":0.9313663244247437,"z":-0.28749150037765505,"w":0.21345755457878114},"size":3096.222900390625,"orthographic":false}