{"cameraMode":{"drawMode":0,"name":"Shaded","section":"Shading Mode"},"sceneLighting":true,"audioPlay":false,"sceneViewState":{"showFog":true,"showMaterialUpdate":false,"showSkybox":true,"showFlares":true,"showImageEffects":true,"showParticleSystems":true},"in2DMode":false,"pivot":{"x":-69.51025390625,"y":-14.5,"z":45.882144927978519},"rotation":{"x":0.6337546110153198,"y":0.0011603006860241294,"z":-0.0009506127098575234,"w":0.7735327482223511},"size":609.5015869140625,"orthographic":true}